comuna,geocodigo,city,Hi_final
13101,13101011001,Gran Santiago,.24058214
13101,13101011002,Gran Santiago,.17530979
13101,13101011003,Gran Santiago,.22657512
13101,13101011004,Gran Santiago,.16383554
13101,13101011005,Gran Santiago,.17896311
13101,13101021001,Gran Santiago,.049829405
13101,13101021002,Gran Santiago,.15274933
13101,13101021003,Gran Santiago,.087641805
13101,13101021004,Gran Santiago,.049421586
13101,13101021005,Gran Santiago,-.012423307
13101,13101021006,Gran Santiago,.040887494
13101,13101021007,Gran Santiago,.026124625
13101,13101021008,Gran Santiago,.14263347
13101,13101031001,Gran Santiago,.04897438
13101,13101031002,Gran Santiago,.078955747
13101,13101031003,Gran Santiago,.12955031
13101,13101031004,Gran Santiago,.11684126
13101,13101031005,Gran Santiago,.065351486
13101,13101031006,Gran Santiago,.14221129
13101,13101031007,Gran Santiago,.12748691
13101,13101041001,Gran Santiago,.01897083
13101,13101041002,Gran Santiago,.052031104
13101,13101041003,Gran Santiago,.044907827
13101,13101041004,Gran Santiago,.026851458
13101,13101041005,Gran Santiago,.0096263373
13101,13101051001,Gran Santiago,.0050525186
13101,13101051002,Gran Santiago,-.044103723
13101,13101051003,Gran Santiago,-.017368836
13101,13101061001,Gran Santiago,.021125689
13101,13101061002,Gran Santiago,-.0021962882
13101,13101061003,Gran Santiago,-.0046149818
13101,13101071001,Gran Santiago,-.034210537
13101,13101071002,Gran Santiago,-.0716931
13101,13101071003,Gran Santiago,-.017197797
13101,13101081001,Gran Santiago,-.0015839854
13101,13101081002,Gran Santiago,-.03794796
13101,13101081003,Gran Santiago,-.00090177607
13101,13101081004,Gran Santiago,-.036725484
13101,13101091001,Gran Santiago,-.0040062275
13101,13101091002,Gran Santiago,-.010066979
13101,13101091003,Gran Santiago,-.01872394
13101,13101091004,Gran Santiago,-.011326183
13101,13101101001,Gran Santiago,.1656619
13101,13101101002,Gran Santiago,.22528654
13101,13101101003,Gran Santiago,.1443554
13101,13101101004,Gran Santiago,.20617582
13101,13101101005,Gran Santiago,.18667802
13101,13101101006,Gran Santiago,.14619267
13101,13101101007,Gran Santiago,.19675831
13101,13101101008,Gran Santiago,.22098091
13101,13101101009,Gran Santiago,.1806076
13101,13101101010,Gran Santiago,.1347807
13101,13101111001,Gran Santiago,.13533339
13101,13101111002,Gran Santiago,.2581085
13101,13101111003,Gran Santiago,.18206578
13101,13101111004,Gran Santiago,.12939559
13101,13101111005,Gran Santiago,.19452405
13101,13101111006,Gran Santiago,.20597833
13101,13101111007,Gran Santiago,.13390562
13101,13101111008,Gran Santiago,.11605321
13101,13101111009,Gran Santiago,.13398352
13101,13101111010,Gran Santiago,.23712932
13101,13101111011,Gran Santiago,.14373733
13101,13101111012,Gran Santiago,.23568922
13101,13101111013,Gran Santiago,.15547188
13101,13101111014,Gran Santiago,.1627457
13101,13101111015,Gran Santiago,.15587924
13101,13101111016,Gran Santiago,.21782544
13101,13101111017,Gran Santiago,.10118752
13101,13101111018,Gran Santiago,.22773381
13101,13101111019,Gran Santiago,.17527439
13101,13101121001,Gran Santiago,.032757934
13101,13101121002,Gran Santiago,.12613074
13101,13101121003,Gran Santiago,.17117767
13101,13101121004,Gran Santiago,.12205825
13101,13101121005,Gran Santiago,.0050836573
13101,13101121006,Gran Santiago,.093975529
13101,13101121007,Gran Santiago,.037998263
13101,13101121008,Gran Santiago,.14956415
13101,13101121009,Gran Santiago,.22839117
13101,13101131001,Gran Santiago,.075500168
13101,13101131002,Gran Santiago,.16724552
13101,13101131003,Gran Santiago,.17261936
13101,13101131004,Gran Santiago,.094547026
13101,13101131005,Gran Santiago,.055663578
13101,13101131006,Gran Santiago,.1119172
13101,13101131007,Gran Santiago,.16098428
13101,13101131008,Gran Santiago,.20617031
13101,13101131009,Gran Santiago,.17622212
13101,13101141001,Gran Santiago,-.018100815
13101,13101141002,Gran Santiago,.051345699
13101,13101141003,Gran Santiago,.098469779
13101,13101151001,Gran Santiago,-.0033949008
13101,13101151002,Gran Santiago,.049407035
13101,13101151003,Gran Santiago,.0040900623
13101,13101151004,Gran Santiago,-.0015536452
13101,13101161001,Gran Santiago,.12250954
13101,13101161002,Gran Santiago,.0056257872
13101,13101161003,Gran Santiago,.053960096
13101,13101171001,Gran Santiago,-.0026505918
13101,13101171002,Gran Santiago,-.019633789
13101,13101171003,Gran Santiago,-.07076773
13101,13101181001,Gran Santiago,-.0079091042
13101,13101181002,Gran Santiago,-.082458258
13101,13101191001,Gran Santiago,.0095975054
13101,13101191002,Gran Santiago,-.0039058037
13101,13101191003,Gran Santiago,-.012554869
13101,13101201001,Gran Santiago,-.0013006334
13101,13101201002,Gran Santiago,-.13726282
13101,13101201003,Gran Santiago,-.08016625
13101,13101211001,Gran Santiago,-.070548341
13101,13101211002,Gran Santiago,-.010781125
13101,13101221001,Gran Santiago,.023377957
13101,13101231001,Gran Santiago,.0023267863
13101,13101241001,Gran Santiago,-.019134508
13101,13101241002,Gran Santiago,-.038799435
13101,13101251001,Gran Santiago,-.077401042
13101,13101261001,Gran Santiago,-.11789429
13101,13101271001,Gran Santiago,.0044080126
13101,13101271002,Gran Santiago,.026802044
13101,13101271003,Gran Santiago,.044331096
13101,13101271004,Gran Santiago,.0043010237
13101,13101281001,Gran Santiago,.095075227
13101,13101281002,Gran Santiago,.078038096
13101,13101281003,Gran Santiago,.13108285
13101,13101281004,Gran Santiago,.16297387
13101,13101281005,Gran Santiago,.10969172
13101,13101281006,Gran Santiago,.12434635
13101,13101291001,Gran Santiago,.025892017
13102,13102011001,Gran Santiago,.0077684037
13102,13102011002,Gran Santiago,-.15121654
13102,13102011003,Gran Santiago,.019286387
13102,13102011004,Gran Santiago,.017128244
13102,13102021001,Gran Santiago,-.048551213
13102,13102021002,Gran Santiago,-.030286191
13102,13102021003,Gran Santiago,-.0095706247
13102,13102021004,Gran Santiago,-.040790617
13102,13102031001,Gran Santiago,-.27584714
13102,13102031002,Gran Santiago,-.16066624
13102,13102031003,Gran Santiago,-.097851619
13102,13102031004,Gran Santiago,-.022620872
13102,13102031005,Gran Santiago,-.25301564
13102,13102031006,Gran Santiago,-.284973
13102,13102031007,Gran Santiago,-.18892932
13102,13102041001,Gran Santiago,-.023491509
13102,13102041002,Gran Santiago,-.014286652
13102,13102041003,Gran Santiago,-.024932578
13102,13102041004,Gran Santiago,-.21377797
13102,13102041005,Gran Santiago,-.29514867
13102,13102041006,Gran Santiago,-.2151541
13103,13103011001,Gran Santiago,-.22477041
13103,13103011002,Gran Santiago,-.15925348
13103,13103011003,Gran Santiago,-.20864782
13103,13103011004,Gran Santiago,-.13676487
13103,13103011005,Gran Santiago,-.2269447
13103,13103011006,Gran Santiago,-.20889232
13103,13103021001,Gran Santiago,-.23453975
13103,13103021002,Gran Santiago,-.16538821
13103,13103021003,Gran Santiago,-.14080571
13103,13103021004,Gran Santiago,-.18123019
13103,13103021005,Gran Santiago,-.17509909
13103,13103031001,Gran Santiago,-.17337805
13103,13103031002,Gran Santiago,-.11679255
13103,13103031003,Gran Santiago,-.2120076
13103,13103041001,Gran Santiago,-.12565666
13103,13103041002,Gran Santiago,-.15036355
13103,13103041003,Gran Santiago,-.1706768
13103,13103051001,Gran Santiago,-.14063865
13103,13103051002,Gran Santiago,-.12371161
13103,13103061001,Gran Santiago,-.21628608
13103,13103061002,Gran Santiago,-.21564566
13103,13103061003,Gran Santiago,-.22693467
13103,13103061004,Gran Santiago,-.20375916
13103,13103071001,Gran Santiago,-.22754928
13103,13103071002,Gran Santiago,-.18239297
13103,13103071003,Gran Santiago,-.18930689
13103,13103071004,Gran Santiago,-.21358156
13103,13103071005,Gran Santiago,-.21711476
13103,13103081001,Gran Santiago,-.19826351
13103,13103081002,Gran Santiago,-.23449087
13103,13103081003,Gran Santiago,-.21760757
13103,13103091001,Gran Santiago,-.19758503
13103,13103091002,Gran Santiago,-.2455447
13103,13103091003,Gran Santiago,-.2239341
13103,13103091004,Gran Santiago,-.22177552
13103,13103091005,Gran Santiago,-.24061815
13104,13104011001,Gran Santiago,-.074913949
13104,13104011002,Gran Santiago,-.10039522
13104,13104011003,Gran Santiago,-.051213428
13104,13104021001,Gran Santiago,-.10318367
13104,13104021002,Gran Santiago,-.057181828
13104,13104021003,Gran Santiago,-.080404356
13104,13104021004,Gran Santiago,-.077330604
13104,13104031001,Gran Santiago,-.13894643
13104,13104031002,Gran Santiago,-.21129753
13104,13104031003,Gran Santiago,-.13336065
13104,13104031004,Gran Santiago,-.14358474
13104,13104031005,Gran Santiago,-.21102722
13104,13104041001,Gran Santiago,-.1410926
13104,13104041002,Gran Santiago,-.17299542
13104,13104041003,Gran Santiago,-.13906407
13104,13104041004,Gran Santiago,-.093753837
13104,13104051001,Gran Santiago,-.067551233
13104,13104051002,Gran Santiago,-.081842139
13104,13104051003,Gran Santiago,-.29126373
13104,13104051004,Gran Santiago,-.16422331
13104,13104051005,Gran Santiago,-.0052422774
13104,13104051006,Gran Santiago,-.00072869536
13104,13104061001,Gran Santiago,-.040818032
13104,13104061002,Gran Santiago,-.1115116
13104,13104061003,Gran Santiago,-.21177755
13104,13104071001,Gran Santiago,-.095896721
13104,13104071002,Gran Santiago,-.14476074
13104,13104071003,Gran Santiago,-.1265265
13104,13104071004,Gran Santiago,-.054357711
13104,13104081001,Gran Santiago,-.15397154
13104,13104081002,Gran Santiago,-.15350623
13104,13104081003,Gran Santiago,-.10836935
13104,13104081004,Gran Santiago,-.083915472
13104,13104091001,Gran Santiago,-.028689254
13104,13104091002,Gran Santiago,-.10069001
13104,13104091003,Gran Santiago,-.0788249
13104,13104101001,Gran Santiago,-.065491296
13104,13104101002,Gran Santiago,-.073960803
13104,13104101003,Gran Santiago,-.032910965
13105,13105011001,Gran Santiago,-.18631385
13105,13105011002,Gran Santiago,-.052384362
13105,13105011003,Gran Santiago,.013015649
13105,13105011004,Gran Santiago,-.058917247
13105,13105011005,Gran Santiago,-.20218378
13105,13105021001,Gran Santiago,-.17315723
13105,13105021002,Gran Santiago,-.046677135
13105,13105021003,Gran Santiago,-.011148312
13105,13105031001,Gran Santiago,-.0030384485
13105,13105031002,Gran Santiago,-.0061688046
13105,13105041001,Gran Santiago,-.05534146
13105,13105041002,Gran Santiago,-.038817089
13105,13105051001,Gran Santiago,-.061495271
13105,13105051002,Gran Santiago,-.24117838
13105,13105051003,Gran Santiago,-.10123499
13105,13105051004,Gran Santiago,-.13584633
13105,13105051005,Gran Santiago,-.13798894
13105,13105061001,Gran Santiago,-.10329057
13105,13105061002,Gran Santiago,-.20397376
13105,13105061003,Gran Santiago,-.23863247
13105,13105061004,Gran Santiago,-.2411586
13105,13105061005,Gran Santiago,-.23369466
13105,13105071001,Gran Santiago,-.23445982
13105,13105071002,Gran Santiago,-.25980416
13105,13105071003,Gran Santiago,-.22492556
13105,13105071004,Gran Santiago,-.22705878
13105,13105071005,Gran Santiago,-.30759493
13105,13105081001,Gran Santiago,-.0083563989
13105,13105081002,Gran Santiago,-.025595713
13105,13105081003,Gran Santiago,-.016154876
13105,13105081004,Gran Santiago,-.217351
13105,13105081005,Gran Santiago,-.10351449
13105,13105091001,Gran Santiago,-.13716364
13105,13105091002,Gran Santiago,-.033133462
13105,13105091003,Gran Santiago,-.14778863
13105,13105091004,Gran Santiago,-.069694206
13105,13105101001,Gran Santiago,-.25393888
13105,13105101002,Gran Santiago,-.25005206
13105,13105101003,Gran Santiago,-.26936069
13106,13106011001,Gran Santiago,-.067756608
13106,13106021001,Gran Santiago,-.06831497
13106,13106021002,Gran Santiago,-.15753579
13106,13106031001,Gran Santiago,-.20818146
13106,13106031002,Gran Santiago,-.2290151
13106,13106031003,Gran Santiago,-.20512633
13106,13106041001,Gran Santiago,-.19148169
13106,13106041002,Gran Santiago,-.22507364
13106,13106051001,Gran Santiago,-.14666498
13106,13106051002,Gran Santiago,-.16494375
13106,13106051003,Gran Santiago,-.19719043
13106,13106061001,Gran Santiago,-.037687764
13106,13106061002,Gran Santiago,-.081779867
13106,13106061003,Gran Santiago,-.041592501
13106,13106061004,Gran Santiago,-.12124599
13106,13106071001,Gran Santiago,-.038940404
13106,13106071002,Gran Santiago,-.13316141
13106,13106071003,Gran Santiago,-.18366955
13106,13106081001,Gran Santiago,-.0055370736
13106,13106081002,Gran Santiago,-.0099262791
13106,13106081003,Gran Santiago,-.0012779227
13106,13106081004,Gran Santiago,-.0080785472
13106,13106081005,Gran Santiago,.054903481
13106,13106081006,Gran Santiago,.08680027
13106,13106091001,Gran Santiago,-.013642323
13106,13106091002,Gran Santiago,-.013391884
13106,13106101001,Gran Santiago,-.0039148526
13106,13106101002,Gran Santiago,.0062020724
13106,13106101003,Gran Santiago,-.0090079131
13106,13106101004,Gran Santiago,-.0074831001
13106,13106101005,Gran Santiago,.011018346
13106,13106111001,Gran Santiago,-.074008361
13106,13106111002,Gran Santiago,.011277922
13106,13106111003,Gran Santiago,-.040046044
13106,13106111004,Gran Santiago,-.021445857
13106,13106121001,Gran Santiago,-.0050691082
13106,13106121002,Gran Santiago,-.0032345948
13106,13106131001,Gran Santiago,-.013879279
13106,13106131002,Gran Santiago,-.011585227
13106,13106131003,Gran Santiago,-.12023199
13106,13106131004,Gran Santiago,-.016189564
13106,13106141001,Gran Santiago,-.12663491
13106,13106141002,Gran Santiago,-.16308555
13107,13107011001,Gran Santiago,-.046852876
13107,13107011002,Gran Santiago,-.0034507017
13107,13107011003,Gran Santiago,.21743289
13107,13107011004,Gran Santiago,-.0051953481
13107,13107011005,Gran Santiago,.080708027
13107,13107011006,Gran Santiago,.031514701
13107,13107011007,Gran Santiago,.18662329
13107,13107011008,Gran Santiago,.21985993
13107,13107011009,Gran Santiago,-.11982781
13107,13107011010,Gran Santiago,.20199047
13107,13107021001,Gran Santiago,-.25642908
13107,13107021002,Gran Santiago,-.23339996
13107,13107021003,Gran Santiago,-.21825358
13107,13107031001,Gran Santiago,-.25786054
13107,13107031002,Gran Santiago,-.22894129
13107,13107031003,Gran Santiago,.17756747
13107,13107041001,Gran Santiago,-.20928691
13107,13107041002,Gran Santiago,-.13524415
13107,13107041003,Gran Santiago,-.20981565
13107,13107051001,Gran Santiago,.34009945
13107,13107061001,Gran Santiago,-.20329422
13108,13108011001,Gran Santiago,-.06180089
13108,13108011002,Gran Santiago,-.050959527
13108,13108011003,Gran Santiago,-.063964352
13108,13108011004,Gran Santiago,-.041326981
13108,13108011005,Gran Santiago,-.071555421
13108,13108021001,Gran Santiago,-.02210518
13108,13108021002,Gran Santiago,-.02972685
13108,13108021003,Gran Santiago,-.073572949
13108,13108021004,Gran Santiago,-.0053677186
13108,13108021005,Gran Santiago,-.016822094
13108,13108031001,Gran Santiago,-.013100814
13108,13108031002,Gran Santiago,-.07016962
13108,13108031003,Gran Santiago,-.059548534
13108,13108031004,Gran Santiago,-.090499721
13108,13108031005,Gran Santiago,-.11631083
13108,13108041001,Gran Santiago,-.030829474
13108,13108041002,Gran Santiago,-.0047661504
13108,13108051001,Gran Santiago,-.059662975
13108,13108051002,Gran Santiago,-.041675095
13108,13108051003,Gran Santiago,-.010909139
13108,13108051004,Gran Santiago,-.0088669471
13108,13108051005,Gran Santiago,-.014971346
13108,13108061001,Gran Santiago,-.0091118859
13108,13108061002,Gran Santiago,-.025396019
13108,13108071001,Gran Santiago,-.029192261
13108,13108071002,Gran Santiago,-.15773451
13109,13109011001,Gran Santiago,-.02870398
13109,13109011002,Gran Santiago,-.023077039
13109,13109011003,Gran Santiago,-.0079758167
13109,13109011004,Gran Santiago,-.0092564896
13109,13109021001,Gran Santiago,-.030087117
13109,13109021002,Gran Santiago,-.012038023
13109,13109021003,Gran Santiago,-.051701885
13109,13109021004,Gran Santiago,-.011314828
13109,13109021005,Gran Santiago,-.018604886
13109,13109031001,Gran Santiago,-.0070394422
13109,13109031002,Gran Santiago,-.0082983803
13109,13109031003,Gran Santiago,-.038347706
13109,13109041001,Gran Santiago,.007980518
13109,13109041002,Gran Santiago,-.079230316
13109,13109041003,Gran Santiago,-.0061849505
13109,13109041004,Gran Santiago,-.089708842
13109,13109051001,Gran Santiago,-.0019228722
13109,13109051002,Gran Santiago,-.025002662
13109,13109051003,Gran Santiago,-.048585903
13109,13109061001,Gran Santiago,-.062915139
13109,13109061002,Gran Santiago,-.020906921
13109,13109061003,Gran Santiago,-.0078617306
13109,13109061004,Gran Santiago,-.001827771
13110,13110011001,Gran Santiago,.059328612
13110,13110011002,Gran Santiago,.01445237
13110,13110011003,Gran Santiago,-.049852025
13110,13110011004,Gran Santiago,-.013368641
13110,13110011005,Gran Santiago,.098488405
13110,13110021001,Gran Santiago,-.049973208
13110,13110021002,Gran Santiago,-.0070157554
13110,13110021003,Gran Santiago,-.0021492699
13110,13110021004,Gran Santiago,.029465588
13110,13110021005,Gran Santiago,-.058763418
13110,13110021006,Gran Santiago,-.00346117
13110,13110031001,Gran Santiago,.071903884
13110,13110031002,Gran Santiago,.017429961
13110,13110031003,Gran Santiago,.018882561
13110,13110031004,Gran Santiago,-.022141019
13110,13110031005,Gran Santiago,.028125212
13110,13110031006,Gran Santiago,.00022941396
13110,13110031007,Gran Santiago,.0040116394
13110,13110041001,Gran Santiago,.0076360428
13110,13110041002,Gran Santiago,.0045190821
13110,13110051001,Gran Santiago,-.15800758
13110,13110051002,Gran Santiago,-.18874709
13110,13110051003,Gran Santiago,-.10708318
13110,13110051004,Gran Santiago,-.202153
13110,13110051005,Gran Santiago,-.13072728
13110,13110061001,Gran Santiago,-.22196439
13110,13110061002,Gran Santiago,-.081595786
13110,13110061003,Gran Santiago,.012426412
13110,13110061004,Gran Santiago,.07551223
13110,13110061005,Gran Santiago,.086015418
13110,13110061006,Gran Santiago,.00030606269
13110,13110061007,Gran Santiago,-.17100123
13110,13110061008,Gran Santiago,-.015428399
13110,13110071001,Gran Santiago,-.081530578
13110,13110071002,Gran Santiago,.23294237
13110,13110071003,Gran Santiago,.10126479
13110,13110071004,Gran Santiago,.099741928
13110,13110071005,Gran Santiago,-.18788435
13110,13110081001,Gran Santiago,.06389977
13110,13110081002,Gran Santiago,.0024202019
13110,13110081003,Gran Santiago,-.014860719
13110,13110081004,Gran Santiago,.00022746225
13110,13110091001,Gran Santiago,.034577012
13110,13110091002,Gran Santiago,.058324195
13110,13110091003,Gran Santiago,.016402654
13110,13110091004,Gran Santiago,.04979445
13110,13110091005,Gran Santiago,.046362467
13110,13110101001,Gran Santiago,.00084038608
13110,13110101002,Gran Santiago,-.025455723
13110,13110101003,Gran Santiago,.00096715812
13110,13110101004,Gran Santiago,-.0080785472
13110,13110101005,Gran Santiago,-.020405244
13110,13110111001,Gran Santiago,-.017171448
13110,13110111002,Gran Santiago,-.0051586204
13110,13110111003,Gran Santiago,-.028906513
13110,13110111004,Gran Santiago,-.054772716
13110,13110111005,Gran Santiago,-.041087985
13110,13110111006,Gran Santiago,-.028826317
13110,13110111007,Gran Santiago,-.06323193
13110,13110121001,Gran Santiago,-.00012464293
13110,13110121002,Gran Santiago,-.0023754013
13110,13110121003,Gran Santiago,-.01512828
13110,13110121004,Gran Santiago,-.041776318
13110,13110131001,Gran Santiago,-.00078174623
13110,13110131002,Gran Santiago,-.025704831
13110,13110131003,Gran Santiago,-.026204379
13110,13110141001,Gran Santiago,-.13907285
13110,13110141002,Gran Santiago,-.20191586
13110,13110141003,Gran Santiago,-.17347714
13110,13110141004,Gran Santiago,-.1786865
13110,13110141005,Gran Santiago,-.1963426
13110,13110141006,Gran Santiago,-.25299862
13110,13110141007,Gran Santiago,-.13395859
13110,13110151001,Gran Santiago,-.12365749
13110,13110151002,Gran Santiago,-.10635377
13110,13110151003,Gran Santiago,-.15777053
13110,13110151004,Gran Santiago,-.14156127
13110,13110151005,Gran Santiago,-.19997294
13110,13110161001,Gran Santiago,-.0062156455
13110,13110161002,Gran Santiago,-.0028698037
13110,13110161003,Gran Santiago,-.0097897481
13110,13110161004,Gran Santiago,-.0071749082
13110,13110161005,Gran Santiago,-.010903817
13110,13110161006,Gran Santiago,-.014486968
13110,13110171001,Gran Santiago,-.16911481
13110,13110171002,Gran Santiago,-.023504285
13110,13110171003,Gran Santiago,-.0043202746
13110,13110171004,Gran Santiago,-.0053123613
13110,13110171005,Gran Santiago,-.0096194176
13110,13110171006,Gran Santiago,-.068044923
13110,13110181001,Gran Santiago,-.085629955
13110,13110181002,Gran Santiago,-.040542752
13110,13110181003,Gran Santiago,-.050971948
13110,13110181004,Gran Santiago,-.051160466
13110,13110191001,Gran Santiago,-.10210074
13110,13110191002,Gran Santiago,-.016702063
13110,13110191003,Gran Santiago,-.011714484
13110,13110191004,Gran Santiago,-.1881253
13110,13110201001,Gran Santiago,-.09266337
13110,13110201002,Gran Santiago,-.19026658
13110,13110201003,Gran Santiago,-.17832632
13110,13110201004,Gran Santiago,-.22711901
13110,13110201005,Gran Santiago,-.21045102
13110,13110211001,Gran Santiago,-.016176078
13110,13110211002,Gran Santiago,-.0081480099
13110,13110211003,Gran Santiago,-.014951208
13110,13110211004,Gran Santiago,.047301415
13111,13111011001,Gran Santiago,-.10580854
13111,13111011002,Gran Santiago,-.1263952
13111,13111011003,Gran Santiago,-.20593664
13111,13111021001,Gran Santiago,-.15970112
13111,13111021002,Gran Santiago,-.061928906
13111,13111021003,Gran Santiago,-.21718511
13111,13111021004,Gran Santiago,-.23030952
13111,13111031001,Gran Santiago,-.10428887
13111,13111031002,Gran Santiago,-.14784816
13111,13111031003,Gran Santiago,-.13872775
13111,13111041001,Gran Santiago,-.072935097
13111,13111041002,Gran Santiago,-.11197583
13111,13111041003,Gran Santiago,-.085140079
13111,13111051001,Gran Santiago,-.14240894
13111,13111051002,Gran Santiago,-.063469954
13111,13111051003,Gran Santiago,-.2417018
13111,13111051004,Gran Santiago,-.17495404
13111,13111051005,Gran Santiago,-.21128236
13111,13111061001,Gran Santiago,-.23227204
13111,13111061002,Gran Santiago,-.26024196
13111,13111061003,Gran Santiago,-.2182236
13111,13111071001,Gran Santiago,-.038259789
13111,13111071002,Gran Santiago,-.03307429
13111,13111071003,Gran Santiago,-.1631999
13111,13111071004,Gran Santiago,-.11104487
13111,13111071005,Gran Santiago,-.05444536
13111,13111081001,Gran Santiago,-.1526482
13111,13111081002,Gran Santiago,-.12769592
13111,13111081003,Gran Santiago,-.11438752
13111,13111081004,Gran Santiago,-.14789286
13112,13112011001,Gran Santiago,-.18450338
13112,13112011002,Gran Santiago,-.042824026
13112,13112011003,Gran Santiago,-.35835519
13112,13112021001,Gran Santiago,-.21579602
13112,13112021002,Gran Santiago,-.18891911
13112,13112021003,Gran Santiago,-.26054636
13112,13112021004,Gran Santiago,-.20918934
13112,13112031001,Gran Santiago,-.23325837
13112,13112031002,Gran Santiago,-.2164723
13112,13112031003,Gran Santiago,-.22883412
13112,13112031004,Gran Santiago,-.23520245
13112,13112031005,Gran Santiago,-.24929473
13112,13112041001,Gran Santiago,-.17777382
13112,13112041002,Gran Santiago,-.26783517
13112,13112041003,Gran Santiago,-.24873698
13112,13112041004,Gran Santiago,-.17433216
13112,13112041005,Gran Santiago,-.20645286
13112,13112041006,Gran Santiago,-.27907041
13112,13112041007,Gran Santiago,-.17662223
13112,13112051001,Gran Santiago,-.30315235
13112,13112051002,Gran Santiago,-.2221726
13112,13112051003,Gran Santiago,-.23046441
13112,13112051004,Gran Santiago,-.18965641
13112,13112051005,Gran Santiago,-.13579524
13112,13112051006,Gran Santiago,-.24510983
13112,13112051007,Gran Santiago,-.25945184
13112,13112051008,Gran Santiago,-.27444273
13112,13112051009,Gran Santiago,-.27507803
13112,13112051010,Gran Santiago,-.24916352
13112,13112051011,Gran Santiago,-.24464948
13112,13112061001,Gran Santiago,-.2152445
13112,13112061002,Gran Santiago,-.2080161
13112,13112061003,Gran Santiago,-.2660571
13112,13112071001,Gran Santiago,-.14905201
13112,13112071002,Gran Santiago,-.15685217
13112,13112071003,Gran Santiago,-.22644772
13112,13112071004,Gran Santiago,-.26580489
13112,13112071005,Gran Santiago,-.19973546
13112,13112071006,Gran Santiago,-.25063494
13112,13112081001,Gran Santiago,-.28418428
13112,13112081002,Gran Santiago,-.29273283
13112,13112081003,Gran Santiago,-.10336225
13112,13112081004,Gran Santiago,-.25845474
13112,13112081005,Gran Santiago,-.40392551
13112,13112081006,Gran Santiago,-.36701873
13112,13112081007,Gran Santiago,-.30104065
13112,13112081008,Gran Santiago,-.31582403
13112,13112081009,Gran Santiago,-.28252769
13113,13113011001,Gran Santiago,.11752098
13113,13113011002,Gran Santiago,.016281027
13113,13113011003,Gran Santiago,.061112206
13113,13113011004,Gran Santiago,.1532958
13113,13113021001,Gran Santiago,.13236076
13113,13113021002,Gran Santiago,.098094963
13113,13113021003,Gran Santiago,.11113146
13113,13113031001,Gran Santiago,.19441538
13113,13113031002,Gran Santiago,.20270835
13113,13113031003,Gran Santiago,.22736378
13113,13113031004,Gran Santiago,.16570474
13113,13113041001,Gran Santiago,.084782831
13113,13113041002,Gran Santiago,.12713188
13113,13113041003,Gran Santiago,.19999778
13113,13113041004,Gran Santiago,.17257324
13113,13113051001,Gran Santiago,.30402237
13113,13113051002,Gran Santiago,.28293705
13113,13113051003,Gran Santiago,.29540783
13113,13113051004,Gran Santiago,.076517098
13113,13113061001,Gran Santiago,.30555388
13113,13113061002,Gran Santiago,.29016194
13113,13113061003,Gran Santiago,.067792624
13113,13113071001,Gran Santiago,.030686112
13113,13113071002,Gran Santiago,-.1232503
13113,13113071003,Gran Santiago,-.1521467
13113,13113071004,Gran Santiago,.34791213
13113,13113071005,Gran Santiago,-.13875136
13113,13113071006,Gran Santiago,-.12471612
13114,13114011001,Gran Santiago,.3318688
13114,13114011002,Gran Santiago,.065269157
13114,13114011003,Gran Santiago,.34109583
13114,13114011004,Gran Santiago,.26119089
13114,13114011005,Gran Santiago,.3289448
13114,13114011006,Gran Santiago,.2928938
13114,13114011007,Gran Santiago,.37398249
13114,13114011008,Gran Santiago,.36706406
13114,13114011009,Gran Santiago,.25089353
13114,13114021001,Gran Santiago,.26379195
13114,13114021002,Gran Santiago,.23492885
13114,13114021003,Gran Santiago,.24807286
13114,13114021004,Gran Santiago,.25664595
13114,13114031001,Gran Santiago,.26275775
13114,13114031002,Gran Santiago,.19828285
13114,13114031003,Gran Santiago,.25646746
13114,13114031004,Gran Santiago,.34174624
13114,13114031005,Gran Santiago,.31057787
13114,13114031006,Gran Santiago,.33279124
13114,13114031007,Gran Santiago,.32455701
13114,13114041001,Gran Santiago,.29450399
13114,13114041002,Gran Santiago,.24591154
13114,13114041003,Gran Santiago,.2692081
13114,13114051001,Gran Santiago,.24583161
13114,13114051002,Gran Santiago,.18063164
13114,13114051003,Gran Santiago,.24771686
13114,13114051004,Gran Santiago,.15365741
13114,13114061001,Gran Santiago,.1388783
13114,13114061002,Gran Santiago,.16592173
13114,13114071001,Gran Santiago,-.030890243
13114,13114071002,Gran Santiago,.30751061
13114,13114071003,Gran Santiago,.1812986
13114,13114071004,Gran Santiago,.31780007
13114,13114081001,Gran Santiago,.17350836
13114,13114081002,Gran Santiago,.18687284
13114,13114081003,Gran Santiago,.21005358
13114,13114081004,Gran Santiago,.11032425
13114,13114081005,Gran Santiago,.052949823
13114,13114091001,Gran Santiago,.19695534
13114,13114091002,Gran Santiago,.19073872
13114,13114091003,Gran Santiago,.2074815
13114,13114091004,Gran Santiago,.25289792
13114,13114101001,Gran Santiago,.25735009
13114,13114101002,Gran Santiago,.26406816
13114,13114101003,Gran Santiago,.23112187
13114,13114101004,Gran Santiago,.22531042
13114,13114101005,Gran Santiago,.22445406
13114,13114111001,Gran Santiago,.32559413
13114,13114111002,Gran Santiago,.2316082
13114,13114111003,Gran Santiago,.26460451
13114,13114111004,Gran Santiago,.31853622
13114,13114111005,Gran Santiago,.25326556
13114,13114111006,Gran Santiago,.25700969
13114,13114111007,Gran Santiago,.19505332
13114,13114121001,Gran Santiago,.35408816
13114,13114121002,Gran Santiago,.3019695
13114,13114121003,Gran Santiago,.24980412
13114,13114121004,Gran Santiago,.18840094
13114,13114121005,Gran Santiago,.19641188
13114,13114121006,Gran Santiago,.23139192
13114,13114121007,Gran Santiago,.29793331
13114,13114131001,Gran Santiago,.28569409
13114,13114131002,Gran Santiago,.37942034
13114,13114131003,Gran Santiago,.33671919
13114,13114131004,Gran Santiago,.38749525
13114,13114131005,Gran Santiago,.29085568
13114,13114131006,Gran Santiago,.27534106
13114,13114131007,Gran Santiago,.37070155
13114,13114131008,Gran Santiago,.26208907
13114,13114131009,Gran Santiago,.30373657
13114,13114131010,Gran Santiago,.32579562
13114,13114141001,Gran Santiago,-.004085538
13114,13114141002,Gran Santiago,-.048983518
13114,13114141003,Gran Santiago,-.0054087932
13114,13114141004,Gran Santiago,-.032828376
13114,13114151001,Gran Santiago,.29977533
13114,13114151002,Gran Santiago,.35118055
13114,13114151003,Gran Santiago,.30580977
13114,13114161001,Gran Santiago,.20339215
13114,13114161002,Gran Santiago,.2924917
13114,13114161003,Gran Santiago,.25545874
13114,13114161004,Gran Santiago,.088945016
13115,13115011001,Gran Santiago,.33969954
13115,13115011002,Gran Santiago,.34813875
13115,13115011003,Gran Santiago,.30267015
13115,13115011004,Gran Santiago,.0040991111
13115,13115011005,Gran Santiago,.34091845
13115,13115011006,Gran Santiago,.35870534
13115,13115011007,Gran Santiago,.34622851
13115,13115011008,Gran Santiago,.29390517
13115,13115011009,Gran Santiago,.31810018
13115,13115011010,Gran Santiago,.33411592
13115,13115011011,Gran Santiago,.37607175
13115,13115011012,Gran Santiago,.29656988
13115,13115021001,Gran Santiago,-.0062056207
13115,13115021002,Gran Santiago,.098770693
13115,13115021003,Gran Santiago,.049363744
13115,13115021004,Gran Santiago,.023177641
13115,13115021005,Gran Santiago,-.1368158
13115,13115041001,Gran Santiago,-.034939587
13115,13115041002,Gran Santiago,-.06833005
13115,13115041003,Gran Santiago,-.0013607814
13115,13115041004,Gran Santiago,.35571632
13115,13115041005,Gran Santiago,-.16716151
13116,13116011001,Gran Santiago,-.22449434
13116,13116011002,Gran Santiago,-.1761893
13116,13116011003,Gran Santiago,-.23531803
13116,13116011004,Gran Santiago,-.31820926
13116,13116011005,Gran Santiago,-.1367379
13116,13116021001,Gran Santiago,-.22855175
13116,13116021002,Gran Santiago,-.19550869
13116,13116031001,Gran Santiago,-.22452468
13116,13116031002,Gran Santiago,-.24261618
13116,13116031003,Gran Santiago,-.20727631
13116,13116031004,Gran Santiago,-.27827737
13116,13116041001,Gran Santiago,-.18118602
13116,13116041002,Gran Santiago,-.16393854
13116,13116041003,Gran Santiago,-.20330068
13116,13116041004,Gran Santiago,-.21611238
13116,13116051001,Gran Santiago,-.1235089
13116,13116051002,Gran Santiago,-.1923424
13116,13116061001,Gran Santiago,-.18414834
13116,13116061002,Gran Santiago,-.19123419
13116,13116061003,Gran Santiago,-.19734383
13116,13116071001,Gran Santiago,-.10616304
13116,13116071002,Gran Santiago,-.090392828
13116,13116071003,Gran Santiago,-.22418313
13116,13116071004,Gran Santiago,-.17278056
13116,13116071005,Gran Santiago,-.600622
13117,13117011001,Gran Santiago,-.10916805
13117,13117011002,Gran Santiago,-.10257581
13117,13117011003,Gran Santiago,-.10502928
13117,13117011004,Gran Santiago,-.1415744
13117,13117021001,Gran Santiago,-.15347332
13117,13117021002,Gran Santiago,-.12218972
13117,13117021003,Gran Santiago,-.12697698
13117,13117021004,Gran Santiago,-.15239394
13117,13117021005,Gran Santiago,-.15119915
13117,13117031001,Gran Santiago,-.14590879
13117,13117031002,Gran Santiago,-.13103777
13117,13117031003,Gran Santiago,-.011789624
13117,13117031004,Gran Santiago,-.16137223
13117,13117031005,Gran Santiago,-.13653271
13117,13117031006,Gran Santiago,-.120393
13117,13117041001,Gran Santiago,-.11403763
13117,13117041002,Gran Santiago,-.14443347
13117,13117041003,Gran Santiago,-.036250953
13117,13117041004,Gran Santiago,.013678608
13117,13117041005,Gran Santiago,-.09234231
13117,13117051001,Gran Santiago,-.13908891
13117,13117051002,Gran Santiago,-.23263179
13117,13117051003,Gran Santiago,-.050009049
13117,13117051004,Gran Santiago,-.1645582
13117,13117061001,Gran Santiago,-.18642138
13117,13117061002,Gran Santiago,-.091289192
13117,13117061003,Gran Santiago,-.19232279
13117,13117071001,Gran Santiago,-.0098881321
13117,13117071002,Gran Santiago,-.10951429
13117,13117071003,Gran Santiago,-.1464321
13117,13117071004,Gran Santiago,-.12167447
13118,13118011001,Gran Santiago,-.0053894538
13118,13118011002,Gran Santiago,-.16132529
13118,13118011003,Gran Santiago,.017144125
13118,13118011004,Gran Santiago,-.0064456807
13118,13118021001,Gran Santiago,.15056705
13118,13118021002,Gran Santiago,-.015085609
13118,13118021003,Gran Santiago,-.011741363
13118,13118021004,Gran Santiago,.016035644
13118,13118021005,Gran Santiago,-.075474352
13118,13118021006,Gran Santiago,-.058192722
13118,13118021007,Gran Santiago,-.0025579745
13118,13118031001,Gran Santiago,.02010211
13118,13118031002,Gran Santiago,-.039609037
13118,13118031003,Gran Santiago,-.0077042636
13118,13118031004,Gran Santiago,.010305708
13118,13118031005,Gran Santiago,.029840937
13118,13118031006,Gran Santiago,-.016522683
13118,13118041001,Gran Santiago,.037787478
13118,13118041002,Gran Santiago,-.006621866
13118,13118041003,Gran Santiago,-.036546282
13118,13118041004,Gran Santiago,-.012837511
13118,13118041005,Gran Santiago,-.030297458
13118,13118051001,Gran Santiago,-.22814117
13118,13118051002,Gran Santiago,.048538972
13118,13118051003,Gran Santiago,.0030409326
13118,13118051004,Gran Santiago,.082481503
13118,13118051005,Gran Santiago,.0061527477
13118,13118061001,Gran Santiago,-.030155515
13118,13118061002,Gran Santiago,-.078029931
13118,13118061003,Gran Santiago,-.058894627
13118,13118061004,Gran Santiago,.0056076897
13118,13118061005,Gran Santiago,-.009271482
13118,13118061006,Gran Santiago,-.0072956476
13119,13119011001,Gran Santiago,-.011604212
13119,13119011002,Gran Santiago,-.01148569
13119,13119011003,Gran Santiago,-.011552404
13119,13119011004,Gran Santiago,-.0014863114
13119,13119011005,Gran Santiago,.0044299248
13119,13119021001,Gran Santiago,-.033792071
13119,13119021002,Gran Santiago,-.047957096
13119,13119021003,Gran Santiago,-.074832864
13119,13119021004,Gran Santiago,-.0071549476
13119,13119021005,Gran Santiago,.0030907011
13119,13119021006,Gran Santiago,-.0013980411
13119,13119021007,Gran Santiago,-.097097553
13119,13119021008,Gran Santiago,-.011111584
13119,13119021009,Gran Santiago,-.11228199
13119,13119021010,Gran Santiago,-.018463211
13119,13119031001,Gran Santiago,-.025831692
13119,13119031002,Gran Santiago,-.12966448
13119,13119031003,Gran Santiago,-.014814943
13119,13119031004,Gran Santiago,-.13049476
13119,13119031005,Gran Santiago,-.008686414
13119,13119041001,Gran Santiago,-.22879793
13119,13119051001,Gran Santiago,-.24650325
13119,13119051002,Gran Santiago,-.069743708
13119,13119051003,Gran Santiago,-.066594012
13119,13119051004,Gran Santiago,.028532851
13119,13119051005,Gran Santiago,-.06485194
13119,13119051006,Gran Santiago,-.080491476
13119,13119051007,Gran Santiago,-.055389278
13119,13119051008,Gran Santiago,-.0092070755
13119,13119051009,Gran Santiago,-.040102821
13119,13119061001,Gran Santiago,-.00091756711
13119,13119061002,Gran Santiago,-.0011493764
13119,13119071001,Gran Santiago,-.21522267
13119,13119071002,Gran Santiago,-.15380991
13119,13119071003,Gran Santiago,-.10704733
13119,13119071004,Gran Santiago,-.041259825
13119,13119071005,Gran Santiago,-.092579797
13119,13119071006,Gran Santiago,-.11580525
13119,13119071007,Gran Santiago,-.16083826
13119,13119071008,Gran Santiago,-.25011763
13119,13119071009,Gran Santiago,-.22038066
13119,13119071010,Gran Santiago,-.10008135
13119,13119071011,Gran Santiago,-.15557948
13119,13119071012,Gran Santiago,-.13130285
13119,13119071013,Gran Santiago,-.22719993
13119,13119071014,Gran Santiago,.024644258
13119,13119071015,Gran Santiago,-.12169363
13119,13119081001,Gran Santiago,-.10746013
13119,13119081002,Gran Santiago,-.030917212
13119,13119081003,Gran Santiago,-.010599174
13119,13119081004,Gran Santiago,-.034440305
13119,13119091001,Gran Santiago,-.012829172
13119,13119091002,Gran Santiago,-.0062372917
13119,13119101001,Gran Santiago,-.0058649597
13119,13119101002,Gran Santiago,-.012897571
13119,13119111001,Gran Santiago,-.16572204
13119,13119111002,Gran Santiago,-.1291911
13119,13119111003,Gran Santiago,-.066278718
13119,13119121001,Gran Santiago,-.20242748
13119,13119121002,Gran Santiago,-.094122708
13119,13119121003,Gran Santiago,-.090847217
13119,13119131001,Gran Santiago,-.200569
13119,13119141001,Gran Santiago,-.020590302
13119,13119141002,Gran Santiago,.050451908
13119,13119141003,Gran Santiago,.0092497468
13119,13119141004,Gran Santiago,-.071913294
13119,13119141005,Gran Santiago,.0053588473
13119,13119141006,Gran Santiago,.10593212
13119,13119141007,Gran Santiago,-.0011814907
13119,13119141008,Gran Santiago,-.032148559
13119,13119141009,Gran Santiago,.019838363
13119,13119141010,Gran Santiago,-.094650999
13119,13119141011,Gran Santiago,.016399993
13119,13119141012,Gran Santiago,.024707511
13119,13119151001,Gran Santiago,-.024207342
13119,13119161001,Gran Santiago,.0034565569
13119,13119161002,Gran Santiago,-.0014698994
13119,13119161003,Gran Santiago,-.023413619
13119,13119171001,Gran Santiago,-.092798032
13119,13119171002,Gran Santiago,-.027911233
13119,13119171003,Gran Santiago,-.031196838
13119,13119171004,Gran Santiago,-.080885984
13119,13119171005,Gran Santiago,-.014602296
13119,13119181001,Gran Santiago,-.20749535
13119,13119181002,Gran Santiago,-.015375082
13119,13119181003,Gran Santiago,-.12989452
13119,13119181004,Gran Santiago,-.18804999
13119,13119181005,Gran Santiago,-.066607319
13119,13119181006,Gran Santiago,-.13014443
13119,13119181007,Gran Santiago,-.030608045
13119,13119181008,Gran Santiago,-.084820442
13119,13119191001,Gran Santiago,-.029053867
13119,13119191002,Gran Santiago,-.043902609
13119,13119191003,Gran Santiago,-.060915437
13119,13119191004,Gran Santiago,-.022693351
13119,13119191005,Gran Santiago,-.15358138
13119,13119191006,Gran Santiago,-.031899363
13119,13119191007,Gran Santiago,-.058047939
13119,13119191008,Gran Santiago,-.10687736
13119,13119191009,Gran Santiago,-.078468353
13119,13119191010,Gran Santiago,-.01673888
13119,13119201001,Gran Santiago,-.03555109
13119,13119201002,Gran Santiago,-.034811571
13119,13119201003,Gran Santiago,-.002522134
13119,13119201004,Gran Santiago,-.0007410266
13119,13119201005,Gran Santiago,-.004106652
13119,13119201006,Gran Santiago,-.0061439648
13119,13119201007,Gran Santiago,-.12247174
13119,13119201008,Gran Santiago,-.0046759285
13119,13119201009,Gran Santiago,-.032019306
13119,13119201010,Gran Santiago,-.026483562
13119,13119201011,Gran Santiago,.00090496975
13119,13119211001,Gran Santiago,.0048343712
13119,13119211002,Gran Santiago,-.0096423943
13119,13119211003,Gran Santiago,-.021602083
13119,13119211004,Gran Santiago,-.003521584
13119,13119211005,Gran Santiago,-.022736467
13119,13119221001,Gran Santiago,-.010416245
13119,13119221002,Gran Santiago,-.010546123
13119,13119221003,Gran Santiago,-.018585991
13119,13119221004,Gran Santiago,-.045407284
13119,13119231001,Gran Santiago,.029320896
13119,13119231002,Gran Santiago,.02933784
13119,13119231003,Gran Santiago,.057803888
13119,13119231004,Gran Santiago,.041085415
13119,13119231005,Gran Santiago,-.0073118825
13119,13119231006,Gran Santiago,-.0064502051
13119,13119231007,Gran Santiago,.027244637
13119,13119231008,Gran Santiago,-.034221802
13120,13120011001,Gran Santiago,.21405724
13120,13120011002,Gran Santiago,.27138457
13120,13120011003,Gran Santiago,.21802993
13120,13120011004,Gran Santiago,.16962785
13120,13120011005,Gran Santiago,.26503173
13120,13120011006,Gran Santiago,.28247821
13120,13120011007,Gran Santiago,.19831453
13120,13120011008,Gran Santiago,.28636229
13120,13120011009,Gran Santiago,.26095495
13120,13120021001,Gran Santiago,.18382232
13120,13120021002,Gran Santiago,.13325988
13120,13120021003,Gran Santiago,.25351351
13120,13120021004,Gran Santiago,.40550727
13120,13120021005,Gran Santiago,.18113509
13120,13120021006,Gran Santiago,.053168237
13120,13120031001,Gran Santiago,.19411792
13120,13120031002,Gran Santiago,.15440278
13120,13120031003,Gran Santiago,.24791345
13120,13120041001,Gran Santiago,.26952276
13120,13120041002,Gran Santiago,.14315404
13120,13120041003,Gran Santiago,.00019259771
13120,13120041004,Gran Santiago,.066231705
13120,13120041005,Gran Santiago,.00024405174
13120,13120051001,Gran Santiago,.16140957
13120,13120051002,Gran Santiago,.21281488
13120,13120051003,Gran Santiago,.20585839
13120,13120051004,Gran Santiago,.19366859
13120,13120061001,Gran Santiago,.01612081
13120,13120061002,Gran Santiago,-.0013969766
13120,13120061003,Gran Santiago,-.0094839521
13120,13120061004,Gran Santiago,-.00070633949
13120,13120061005,Gran Santiago,-.0030049148
13120,13120071001,Gran Santiago,.16593167
13120,13120071002,Gran Santiago,.217314
13120,13120071003,Gran Santiago,.1230923
13120,13120071004,Gran Santiago,.013774418
13120,13120071005,Gran Santiago,.010973013
13120,13120071006,Gran Santiago,-.014960168
13120,13120071007,Gran Santiago,.0332723
13120,13120081001,Gran Santiago,-.040709801
13120,13120081002,Gran Santiago,-.17594586
13120,13120081003,Gran Santiago,-.17382294
13120,13120081004,Gran Santiago,-.0028154219
13120,13120091001,Gran Santiago,.094354786
13120,13120091002,Gran Santiago,.015446408
13120,13120091003,Gran Santiago,.0054845549
13120,13120101001,Gran Santiago,.15669869
13120,13120101002,Gran Santiago,.16300021
13120,13120101003,Gran Santiago,.19618264
13120,13120101004,Gran Santiago,.26454711
13120,13120101005,Gran Santiago,.20676611
13120,13120101006,Gran Santiago,.20250413
13120,13120101007,Gran Santiago,.10582308
13120,13120101008,Gran Santiago,.17827106
13120,13120111001,Gran Santiago,.22416387
13120,13120111002,Gran Santiago,.27417096
13120,13120111003,Gran Santiago,.24506742
13120,13120111004,Gran Santiago,.19851936
13120,13120111005,Gran Santiago,.18099174
13120,13120111006,Gran Santiago,.25005049
13120,13120111007,Gran Santiago,.19897704
13121,13121011001,Gran Santiago,-.050164741
13121,13121011002,Gran Santiago,-.078164242
13121,13121011003,Gran Santiago,-.22441076
13121,13121021001,Gran Santiago,-.15338966
13121,13121021002,Gran Santiago,-.072001919
13121,13121021003,Gran Santiago,-.012472188
13121,13121021004,Gran Santiago,-.049764998
13121,13121031001,Gran Santiago,-.05888753
13121,13121031002,Gran Santiago,-.0036602437
13121,13121031003,Gran Santiago,-.03610573
13121,13121031004,Gran Santiago,-.086697891
13121,13121041001,Gran Santiago,-.16290946
13121,13121041002,Gran Santiago,-.063231222
13121,13121041003,Gran Santiago,-.067499958
13121,13121041004,Gran Santiago,-.21652029
13121,13121051001,Gran Santiago,-.24557903
13121,13121051002,Gran Santiago,-.1437958
13121,13121051003,Gran Santiago,-.071859621
13121,13121051004,Gran Santiago,-.21555588
13121,13121061001,Gran Santiago,-.2143406
13121,13121061002,Gran Santiago,-.2008442
13121,13121061003,Gran Santiago,-.14256099
13121,13121071001,Gran Santiago,-.13609083
13121,13121071002,Gran Santiago,-.16165194
13121,13121071003,Gran Santiago,-.1029783
13121,13121071004,Gran Santiago,-.20998377
13121,13121081001,Gran Santiago,-.11342923
13121,13121081002,Gran Santiago,-.17530349
13122,13122011001,Gran Santiago,-.0084638316
13122,13122011002,Gran Santiago,-.16983455
13122,13122011003,Gran Santiago,-.17571858
13122,13122011004,Gran Santiago,-.039254095
13122,13122021001,Gran Santiago,-.0064411559
13122,13122021002,Gran Santiago,-.18092307
13122,13122021003,Gran Santiago,-.027413016
13122,13122021004,Gran Santiago,-.15537721
13122,13122031001,Gran Santiago,.19196439
13122,13122031002,Gran Santiago,.064834729
13122,13122031003,Gran Santiago,-.048437748
13122,13122031004,Gran Santiago,.21794246
13122,13122031005,Gran Santiago,.2293743
13122,13122031006,Gran Santiago,.10658336
13122,13122031007,Gran Santiago,.19090781
13122,13122031008,Gran Santiago,.26318672
13122,13122031009,Gran Santiago,-.13199216
13122,13122031010,Gran Santiago,-.01069321
13122,13122031011,Gran Santiago,.26552486
13122,13122041001,Gran Santiago,-.19367009
13122,13122041002,Gran Santiago,-.032053459
13122,13122041003,Gran Santiago,-.11743005
13122,13122041004,Gran Santiago,-.082869984
13122,13122041005,Gran Santiago,-.054172833
13122,13122051001,Gran Santiago,.06323956
13122,13122051002,Gran Santiago,-.20268634
13122,13122051003,Gran Santiago,.25921643
13122,13122051004,Gran Santiago,-.01990818
13122,13122051005,Gran Santiago,-.013585724
13122,13122061001,Gran Santiago,-.21385418
13122,13122061002,Gran Santiago,-.20164537
13122,13122061003,Gran Santiago,-.13180719
13122,13122061004,Gran Santiago,-.20187275
13122,13122071001,Gran Santiago,-.1420964
13122,13122071002,Gran Santiago,-.12463193
13122,13122071003,Gran Santiago,-.090693653
13122,13122071004,Gran Santiago,-.16634996
13122,13122071005,Gran Santiago,-.18334433
13122,13122081001,Gran Santiago,-.08346463
13122,13122081002,Gran Santiago,-.068220049
13122,13122081003,Gran Santiago,-.12349692
13122,13122081004,Gran Santiago,-.16221589
13122,13122091001,Gran Santiago,-.21506786
13122,13122091002,Gran Santiago,-.020718759
13122,13122091003,Gran Santiago,.26275411
13122,13122091004,Gran Santiago,-.1592816
13122,13122101001,Gran Santiago,-.076687604
13122,13122101002,Gran Santiago,-.13524547
13122,13122101003,Gran Santiago,-.072956212
13122,13122101004,Gran Santiago,-.22911136
13122,13122101005,Gran Santiago,-.1528714
13122,13122111001,Gran Santiago,-.21939649
13122,13122111002,Gran Santiago,-.0043348237
13122,13122111003,Gran Santiago,-.20265387
13122,13122111004,Gran Santiago,-.20861492
13122,13122111005,Gran Santiago,-.20690824
13123,13123011001,Gran Santiago,.26900041
13123,13123011002,Gran Santiago,.17655036
13123,13123011003,Gran Santiago,.20132938
13123,13123011004,Gran Santiago,.25362298
13123,13123011005,Gran Santiago,.10163331
13123,13123011006,Gran Santiago,.15733406
13123,13123011007,Gran Santiago,.2673153
13123,13123011008,Gran Santiago,.27257526
13123,13123021001,Gran Santiago,.21031033
13123,13123021002,Gran Santiago,.28033715
13123,13123021003,Gran Santiago,.30444273
13123,13123021004,Gran Santiago,.14484085
13123,13123021005,Gran Santiago,.14829785
13123,13123021006,Gran Santiago,.36506945
13123,13123021007,Gran Santiago,.24005216
13123,13123031001,Gran Santiago,.22433242
13123,13123031002,Gran Santiago,.24107859
13123,13123031003,Gran Santiago,.28122985
13123,13123031004,Gran Santiago,.29448155
13123,13123031005,Gran Santiago,.30007324
13123,13123031006,Gran Santiago,.2813414
13123,13123031007,Gran Santiago,.2905888
13123,13123031008,Gran Santiago,.29632893
13123,13123031009,Gran Santiago,.25576445
13123,13123031010,Gran Santiago,.31821489
13123,13123031011,Gran Santiago,.33179292
13123,13123041001,Gran Santiago,.32623681
13123,13123041002,Gran Santiago,.38763386
13123,13123041003,Gran Santiago,.31242913
13123,13123041004,Gran Santiago,.29196757
13123,13123041005,Gran Santiago,.26164368
13123,13123041006,Gran Santiago,.32164142
13123,13123041007,Gran Santiago,.29552078
13123,13123041008,Gran Santiago,.346692
13123,13123041009,Gran Santiago,.31993714
13123,13123041010,Gran Santiago,.37845665
13123,13123041011,Gran Santiago,.23702648
13123,13123041012,Gran Santiago,.24350251
13123,13123051001,Gran Santiago,.14406593
13123,13123051002,Gran Santiago,.24405493
13123,13123061001,Gran Santiago,.16608071
13123,13123061002,Gran Santiago,.19084953
13123,13123061003,Gran Santiago,.12524858
13123,13123061004,Gran Santiago,.25398955
13123,13123071001,Gran Santiago,.11291566
13123,13123071002,Gran Santiago,.24429224
13123,13123071003,Gran Santiago,.19456565
13123,13123081001,Gran Santiago,.30073157
13123,13123081002,Gran Santiago,.23221785
13123,13123081003,Gran Santiago,.25857633
13123,13123081004,Gran Santiago,.32660404
13124,13124011001,Gran Santiago,-.18860444
13124,13124011002,Gran Santiago,-.12130667
13124,13124011003,Gran Santiago,-.1435246
13124,13124011004,Gran Santiago,-.18996717
13124,13124021001,Gran Santiago,-.18748079
13124,13124021002,Gran Santiago,-.2256438
13124,13124021003,Gran Santiago,-.17548491
13124,13124021004,Gran Santiago,-.19151443
13124,13124021005,Gran Santiago,-.034431789
13124,13124021006,Gran Santiago,-.11188934
13124,13124031001,Gran Santiago,-.13311714
13124,13124031002,Gran Santiago,-.19036195
13124,13124031003,Gran Santiago,-.18376128
13124,13124031004,Gran Santiago,-.16731854
13124,13124041001,Gran Santiago,-.18404517
13124,13124041002,Gran Santiago,-.12599023
13124,13124041003,Gran Santiago,-.16911827
13124,13124041004,Gran Santiago,-.24210349
13124,13124041005,Gran Santiago,-.20303969
13124,13124051001,Gran Santiago,-.15777425
13124,13124051002,Gran Santiago,-.10383474
13124,13124051003,Gran Santiago,-.13560751
13124,13124051004,Gran Santiago,-.15664174
13124,13124061001,Gran Santiago,.025051808
13124,13124061002,Gran Santiago,-.057628769
13124,13124061003,Gran Santiago,-.057698496
13124,13124061004,Gran Santiago,-.025521459
13124,13124061005,Gran Santiago,-.017008569
13124,13124061006,Gran Santiago,-.0092247296
13124,13124061007,Gran Santiago,-.0092276577
13124,13124061008,Gran Santiago,-.0098570818
13124,13124061009,Gran Santiago,-.050552953
13124,13124061010,Gran Santiago,-.18793918
13124,13124061011,Gran Santiago,-.2151832
13124,13124061012,Gran Santiago,-.12903683
13124,13124061013,Gran Santiago,.012017086
13124,13124061014,Gran Santiago,-.024397811
13124,13124061015,Gran Santiago,-.097867139
13124,13124061016,Gran Santiago,-.11501738
13124,13124061017,Gran Santiago,-.087953903
13124,13124061018,Gran Santiago,-.065039121
13124,13124061019,Gran Santiago,-.02982275
13124,13124061020,Gran Santiago,.0071571656
13124,13124061021,Gran Santiago,-.043524247
13124,13124061022,Gran Santiago,-.19970706
13124,13124061023,Gran Santiago,-.19159614
13124,13124061024,Gran Santiago,-.098053262
13124,13124071001,Gran Santiago,.14412262
13124,13124071002,Gran Santiago,.1851768
13124,13124071003,Gran Santiago,.18633381
13124,13124071004,Gran Santiago,-.15230815
13124,13124071005,Gran Santiago,-.14304341
13124,13124081001,Gran Santiago,-.25593469
13124,13124091001,Gran Santiago,-.1562081
13124,13124091002,Gran Santiago,-.1914801
13124,13124091003,Gran Santiago,-.21688801
13124,13124091004,Gran Santiago,-.19905138
13124,13124091005,Gran Santiago,-.18685083
13124,13124101001,Gran Santiago,-.13296854
13124,13124101002,Gran Santiago,-.17946896
13124,13124101003,Gran Santiago,-.17309061
13124,13124101004,Gran Santiago,-.14943507
13125,13125011001,Gran Santiago,-.041939463
13125,13125011002,Gran Santiago,-.17055614
13125,13125011003,Gran Santiago,.067456841
13125,13125011004,Gran Santiago,-.1032259
13125,13125011005,Gran Santiago,-.11092182
13125,13125011006,Gran Santiago,-.095935754
13125,13125011007,Gran Santiago,-.0067756958
13125,13125011008,Gran Santiago,.088915475
13125,13125021001,Gran Santiago,-.16679947
13125,13125021002,Gran Santiago,-.27815613
13125,13125021003,Gran Santiago,-.19226842
13125,13125021004,Gran Santiago,-.11444199
13125,13125021005,Gran Santiago,-.12870052
13125,13125021006,Gran Santiago,-.21387085
13125,13125021007,Gran Santiago,-.1094215
13125,13125021008,Gran Santiago,-.15745577
13125,13125021009,Gran Santiago,-.20279431
13125,13125021010,Gran Santiago,-.15342356
13125,13125021011,Gran Santiago,-.32236934
13125,13125021012,Gran Santiago,-.26769552
13125,13125021013,Gran Santiago,-.16280344
13125,13125021014,Gran Santiago,-.09856718
13125,13125021015,Gran Santiago,-.068203986
13125,13125021016,Gran Santiago,-.12599644
13125,13125021017,Gran Santiago,-.21845736
13125,13125021018,Gran Santiago,-.26861882
13125,13125021019,Gran Santiago,-.32063675
13125,13125021020,Gran Santiago,-.16710633
13125,13125021021,Gran Santiago,-.13380769
13125,13125031001,Gran Santiago,-.24616109
13125,13125041001,Gran Santiago,-.074425399
13125,13125041002,Gran Santiago,-.0099710794
13125,13125041003,Gran Santiago,-.003776104
13125,13125041004,Gran Santiago,-.088776551
13125,13125041005,Gran Santiago,-.029427087
13125,13125041006,Gran Santiago,.015907276
13125,13125041007,Gran Santiago,-.12533312
13125,13125041008,Gran Santiago,-.050214775
13125,13125041009,Gran Santiago,-.020632263
13125,13125041010,Gran Santiago,-.077661589
13125,13125041011,Gran Santiago,-.018647291
13125,13125041012,Gran Santiago,-.018155463
13125,13125041013,Gran Santiago,.021139085
13125,13125041014,Gran Santiago,-.13027927
13125,13125041015,Gran Santiago,-.010087916
13126,13126011001,Gran Santiago,-.032723159
13126,13126011002,Gran Santiago,-.030453948
13126,13126011003,Gran Santiago,-.090140171
13126,13126021001,Gran Santiago,-.077548571
13126,13126021002,Gran Santiago,-.047878765
13126,13126021003,Gran Santiago,-.072238512
13126,13126021004,Gran Santiago,-.063508369
13126,13126021005,Gran Santiago,-.002865989
13126,13126021006,Gran Santiago,-.28865436
13126,13126031001,Gran Santiago,-.049774401
13126,13126031002,Gran Santiago,-.012258122
13126,13126031003,Gran Santiago,-.059666879
13126,13126041001,Gran Santiago,-.031424388
13126,13126041002,Gran Santiago,-.0056955162
13126,13126051001,Gran Santiago,-.029361438
13126,13126051002,Gran Santiago,-.015044002
13126,13126061001,Gran Santiago,-.079160057
13126,13126061002,Gran Santiago,-.056674652
13126,13126061003,Gran Santiago,-.10984786
13126,13126061004,Gran Santiago,-.089389026
13126,13126071001,Gran Santiago,-.073748603
13126,13126071002,Gran Santiago,-.030990934
13126,13126081001,Gran Santiago,-.11214377
13126,13126081002,Gran Santiago,-.076320149
13126,13126081003,Gran Santiago,-.065129168
13126,13126091001,Gran Santiago,-.15143983
13126,13126091002,Gran Santiago,-.10268404
13126,13126091003,Gran Santiago,-.093861803
13126,13126091004,Gran Santiago,-.08856798
13127,13127011001,Gran Santiago,-.0038390909
13127,13127011002,Gran Santiago,-.017901031
13127,13127021001,Gran Santiago,-.043334488
13127,13127021002,Gran Santiago,-.040972926
13127,13127021003,Gran Santiago,.046108566
13127,13127021004,Gran Santiago,.07238818
13127,13127031001,Gran Santiago,-.064005166
13127,13127031002,Gran Santiago,-.03444536
13127,13127041001,Gran Santiago,-.11469411
13127,13127041002,Gran Santiago,-.10900898
13127,13127041003,Gran Santiago,-.072593905
13127,13127041004,Gran Santiago,-.089963362
13127,13127051001,Gran Santiago,-.1665823
13127,13127051002,Gran Santiago,-.18303667
13127,13127051003,Gran Santiago,-.20383474
13127,13127061001,Gran Santiago,-.15088199
13127,13127061002,Gran Santiago,-.02473448
13127,13127061003,Gran Santiago,-.059966024
13127,13127061004,Gran Santiago,-.17021912
13127,13127061005,Gran Santiago,-.19206083
13127,13127061006,Gran Santiago,-.22486179
13127,13127061007,Gran Santiago,-.038741238
13127,13127071001,Gran Santiago,-.0807648
13127,13127071002,Gran Santiago,-.15731411
13127,13127071003,Gran Santiago,-.15220933
13127,13127071004,Gran Santiago,-.13163589
13127,13127081001,Gran Santiago,-.12509954
13127,13127081002,Gran Santiago,-.044716824
13127,13127081003,Gran Santiago,-.085267119
13127,13127091001,Gran Santiago,-.053431716
13127,13127091002,Gran Santiago,-.10378923
13127,13127091003,Gran Santiago,-.15509599
13127,13127101001,Gran Santiago,.0027196999
13127,13127101002,Gran Santiago,.12428816
13127,13127111001,Gran Santiago,-.14886987
13127,13127111002,Gran Santiago,-.12200014
13127,13127111003,Gran Santiago,-.022793332
13127,13127111004,Gran Santiago,-.037653252
13127,13127111005,Gran Santiago,-.051493052
13127,13127121001,Gran Santiago,-.090940632
13127,13127121002,Gran Santiago,-.13002014
13127,13127121003,Gran Santiago,-.17969304
13127,13127131001,Gran Santiago,-.098116957
13127,13127131002,Gran Santiago,-.084420875
13127,13127131003,Gran Santiago,-.0904072
13128,13128011001,Gran Santiago,-.13560024
13128,13128011002,Gran Santiago,-.084629975
13128,13128011003,Gran Santiago,-.095836483
13128,13128021001,Gran Santiago,-.26049599
13128,13128021002,Gran Santiago,-.25068247
13128,13128021003,Gran Santiago,-.21106696
13128,13128021004,Gran Santiago,-.23905902
13128,13128021005,Gran Santiago,-.22109509
13128,13128021006,Gran Santiago,-.22635403
13128,13128031001,Gran Santiago,-.056464933
13128,13128031002,Gran Santiago,-.098289862
13128,13128031003,Gran Santiago,-.13166454
13128,13128041001,Gran Santiago,-.020894768
13128,13128041002,Gran Santiago,-.058816556
13128,13128041003,Gran Santiago,-.052358635
13128,13128051001,Gran Santiago,-.11160856
13128,13128051002,Gran Santiago,-.099353984
13128,13128061001,Gran Santiago,-.16525719
13128,13128061002,Gran Santiago,-.15659676
13128,13128061003,Gran Santiago,-.081030324
13128,13128061004,Gran Santiago,-.19765024
13128,13128061005,Gran Santiago,-.21378551
13128,13128071001,Gran Santiago,-.23327735
13128,13128071002,Gran Santiago,-.064598478
13128,13128071003,Gran Santiago,-.18820426
13128,13128071004,Gran Santiago,-.23809354
13128,13128071005,Gran Santiago,-.13194861
13128,13128071006,Gran Santiago,-.20696039
13128,13128071007,Gran Santiago,-.15694976
13128,13128071008,Gran Santiago,-.042809211
13128,13128071009,Gran Santiago,-.045111779
13128,13128071010,Gran Santiago,-.090039037
13128,13128081001,Gran Santiago,-.22000612
13128,13128081002,Gran Santiago,-.20349568
13128,13128081003,Gran Santiago,-.10296331
13128,13128081004,Gran Santiago,-.19207147
13128,13128091001,Gran Santiago,-.26295984
13128,13128091002,Gran Santiago,-.25379774
13128,13128091003,Gran Santiago,-.24346827
13128,13128091004,Gran Santiago,-.2497053
13128,13128101001,Gran Santiago,-.26658186
13128,13128101002,Gran Santiago,-.22953141
13128,13128101003,Gran Santiago,-.29902822
13128,13128101004,Gran Santiago,-.27860385
13129,13129011001,Gran Santiago,-.038925763
13129,13129011002,Gran Santiago,-.061963681
13129,13129011003,Gran Santiago,.012690513
13129,13129011004,Gran Santiago,.015021025
13129,13129011005,Gran Santiago,-.034198649
13129,13129021001,Gran Santiago,-.076026157
13129,13129021002,Gran Santiago,-.10036825
13129,13129021003,Gran Santiago,-.074283279
13129,13129021004,Gran Santiago,-.092792355
13129,13129031001,Gran Santiago,-.042032346
13129,13129031002,Gran Santiago,-.019618886
13129,13129031003,Gran Santiago,-.016454021
13129,13129031004,Gran Santiago,-.084279552
13129,13129041001,Gran Santiago,-.052667271
13129,13129041002,Gran Santiago,-.073088661
13129,13129041003,Gran Santiago,-.00016048331
13129,13129051001,Gran Santiago,-.14551152
13129,13129051002,Gran Santiago,-.14705852
13129,13129051003,Gran Santiago,-.044878285
13129,13129051004,Gran Santiago,-.05917434
13129,13129061001,Gran Santiago,-.087289795
13129,13129061002,Gran Santiago,-.086505473
13129,13129061003,Gran Santiago,-.040133867
13129,13129071001,Gran Santiago,-.23934157
13129,13129071002,Gran Santiago,-.15786377
13129,13129071003,Gran Santiago,-.20698337
13129,13129071004,Gran Santiago,-.089169286
13129,13129071005,Gran Santiago,-.13424762
13130,13130011001,Gran Santiago,.0062408401
13130,13130011002,Gran Santiago,.011942833
13130,13130021001,Gran Santiago,.058376893
13130,13130021002,Gran Santiago,.011695232
13130,13130021003,Gran Santiago,-.041271891
13130,13130031001,Gran Santiago,.051643956
13130,13130031002,Gran Santiago,-.077351362
13130,13130031003,Gran Santiago,-.0091009745
13130,13130041001,Gran Santiago,.079012968
13130,13130041002,Gran Santiago,.034867726
13130,13130041003,Gran Santiago,-.015073898
13130,13130041004,Gran Santiago,-.012022054
13130,13130051001,Gran Santiago,.11978203
13130,13130051002,Gran Santiago,.066029966
13130,13130051003,Gran Santiago,-.03208575
13130,13130051004,Gran Santiago,.10710634
13130,13130061001,Gran Santiago,.028562393
13130,13130061002,Gran Santiago,.080990046
13130,13130061003,Gran Santiago,.17458987
13130,13130061004,Gran Santiago,.13803828
13130,13130071001,Gran Santiago,-.016271003
13130,13130071002,Gran Santiago,-.10524663
13130,13130071003,Gran Santiago,.044898245
13130,13130071004,Gran Santiago,.018263249
13131,13131011001,Gran Santiago,-.087946631
13131,13131011002,Gran Santiago,-.090998031
13131,13131011003,Gran Santiago,-.045626141
13131,13131011004,Gran Santiago,-.070349529
13131,13131021001,Gran Santiago,-.048162293
13131,13131021002,Gran Santiago,-.10325252
13131,13131031001,Gran Santiago,-.11822865
13131,13131031002,Gran Santiago,-.20510627
13131,13131031003,Gran Santiago,-.17937413
13131,13131041001,Gran Santiago,-.21970662
13131,13131041002,Gran Santiago,-.26285952
13131,13131041003,Gran Santiago,-.26469013
13131,13131051001,Gran Santiago,-.2080231
13131,13131051002,Gran Santiago,-.21417168
13131,13131051003,Gran Santiago,-.22779351
13131,13131051004,Gran Santiago,-.19935824
13131,13131061001,Gran Santiago,-.1007585
13131,13131061002,Gran Santiago,-.088507392
13131,13131071001,Gran Santiago,-.17698745
13131,13131071002,Gran Santiago,-.24217376
13131,13131071003,Gran Santiago,-.21435967
13131,13131071004,Gran Santiago,-.2604894
13132,13132011001,Gran Santiago,.36112699
13132,13132011002,Gran Santiago,.31244498
13132,13132011003,Gran Santiago,.31800461
13132,13132011004,Gran Santiago,.2613216
13132,13132011005,Gran Santiago,.21103804
13132,13132011006,Gran Santiago,.26995042
13132,13132021001,Gran Santiago,.27851284
13132,13132021002,Gran Santiago,.26421106
13132,13132021003,Gran Santiago,.26840511
13132,13132021004,Gran Santiago,.29620171
13132,13132021005,Gran Santiago,.27890125
13132,13132021006,Gran Santiago,.25938565
13132,13132021007,Gran Santiago,.360728
13132,13132031001,Gran Santiago,.26516199
13132,13132031002,Gran Santiago,.25836238
13132,13132041001,Gran Santiago,.20665726
13132,13132041002,Gran Santiago,.26631302
13132,13132041003,Gran Santiago,.37100026
13132,13132041004,Gran Santiago,.32554203
13132,13132041005,Gran Santiago,.20752418
13132,13132041006,Gran Santiago,.18999077
13132,13132041007,Gran Santiago,.21873814
13132,13132041008,Gran Santiago,.18706925
13132,13132051001,Gran Santiago,.24516456
13132,13132051002,Gran Santiago,.11444838
13132,13132051003,Gran Santiago,.14907685
13201,13201011001,Gran Santiago,-.26540658
13201,13201011002,Gran Santiago,-.19031201
13201,13201011003,Gran Santiago,-.011538032
13201,13201011004,Gran Santiago,-.073207185
13201,13201011005,Gran Santiago,-.097974397
13201,13201011006,Gran Santiago,-.17315413
13201,13201021001,Gran Santiago,.01467309
13201,13201021002,Gran Santiago,.044794984
13201,13201021003,Gran Santiago,-.024366938
13201,13201021004,Gran Santiago,.0043237344
13201,13201021005,Gran Santiago,-.087189898
13201,13201021006,Gran Santiago,.098872006
13201,13201021007,Gran Santiago,.029992903
13201,13201021008,Gran Santiago,.072889768
13201,13201021009,Gran Santiago,.076619118
13201,13201031001,Gran Santiago,-.045165095
13201,13201031002,Gran Santiago,.03593611
13201,13201031003,Gran Santiago,.041828126
13201,13201031004,Gran Santiago,.04103671
13201,13201031005,Gran Santiago,-.072467044
13201,13201031006,Gran Santiago,-.069967978
13201,13201031007,Gran Santiago,-.18979703
13201,13201031008,Gran Santiago,.097788811
13201,13201031009,Gran Santiago,.085828498
13201,13201031010,Gran Santiago,.020677419
13201,13201041001,Gran Santiago,-.15770693
13201,13201041002,Gran Santiago,-.06396196
13201,13201041003,Gran Santiago,-.026037686
13201,13201041004,Gran Santiago,-.15434574
13201,13201041005,Gran Santiago,-.091997035
13201,13201041006,Gran Santiago,-.027210217
13201,13201041007,Gran Santiago,-.077976972
13201,13201051001,Gran Santiago,-.30428076
13201,13201051002,Gran Santiago,-.28177974
13201,13201051003,Gran Santiago,-.21278144
13201,13201051004,Gran Santiago,-.23220418
13201,13201051005,Gran Santiago,-.26291528
13201,13201051006,Gran Santiago,-.20645979
13201,13201051007,Gran Santiago,-.26134285
13201,13201051008,Gran Santiago,-.15888132
13201,13201051009,Gran Santiago,-.26410493
13201,13201051010,Gran Santiago,-.18002146
13201,13201051011,Gran Santiago,-.16499956
13201,13201061001,Gran Santiago,-.22131775
13201,13201061002,Gran Santiago,-.1824948
13201,13201061003,Gran Santiago,-.091140419
13201,13201061004,Gran Santiago,-.11312015
13201,13201061005,Gran Santiago,-.24058712
13201,13201061006,Gran Santiago,-.091373645
13201,13201061007,Gran Santiago,-.12632228
13201,13201071001,Gran Santiago,-.18442664
13201,13201071002,Gran Santiago,-.091317222
13201,13201071003,Gran Santiago,-.12247006
13201,13201071004,Gran Santiago,-.20713782
13201,13201071005,Gran Santiago,-.15092599
13201,13201071006,Gran Santiago,-.2539694
13201,13201071007,Gran Santiago,-.0013849116
13201,13201071008,Gran Santiago,-.28928992
13201,13201081001,Gran Santiago,-.0062012738
13201,13201081002,Gran Santiago,-.014347687
13201,13201081003,Gran Santiago,-.026062436
13201,13201081004,Gran Santiago,-.032364134
13201,13201081005,Gran Santiago,-.15123153
13201,13201081006,Gran Santiago,-.12149199
13201,13201081007,Gran Santiago,-.018838648
13201,13201081008,Gran Santiago,-.13307509
13201,13201091001,Gran Santiago,-.018567627
13201,13201091002,Gran Santiago,-.039783273
13201,13201091003,Gran Santiago,-.018682333
13201,13201091004,Gran Santiago,-.031298861
13201,13201101001,Gran Santiago,-.073632739
13201,13201101002,Gran Santiago,-.060534235
13201,13201101003,Gran Santiago,-.041201808
13201,13201101004,Gran Santiago,-.038866147
13201,13201101005,Gran Santiago,-.03941866
13201,13201101006,Gran Santiago,-.069023527
13201,13201111001,Gran Santiago,-.0070940014
13201,13201111002,Gran Santiago,-.047645625
13201,13201111003,Gran Santiago,-.038534626
13201,13201111004,Gran Santiago,-.040538315
13201,13201121001,Gran Santiago,-.013866504
13201,13201121002,Gran Santiago,-.067793332
13201,13201121003,Gran Santiago,-.034455828
13201,13201121004,Gran Santiago,-.026932364
13201,13201121005,Gran Santiago,.0088783912
13201,13201121006,Gran Santiago,-.031713951
13201,13201131001,Gran Santiago,-.17112383
13201,13201131002,Gran Santiago,-.086122759
13201,13201131003,Gran Santiago,-.27750954
13201,13201131004,Gran Santiago,-.17232937
13201,13201131005,Gran Santiago,-.22796845
13201,13201141001,Gran Santiago,-.081145473
13201,13201141002,Gran Santiago,-.13641667
13201,13201141003,Gran Santiago,-.090972394
13201,13201141004,Gran Santiago,-.11681597
13201,13201141005,Gran Santiago,-.22033995
13201,13201141006,Gran Santiago,-.15929987
13201,13201141007,Gran Santiago,-.13258335
13201,13201141008,Gran Santiago,-.24267614
13201,13201151001,Gran Santiago,.016580526
13201,13201151002,Gran Santiago,-.045370914
13201,13201151003,Gran Santiago,-.095005944
13201,13201161001,Gran Santiago,-.18681251
13201,13201161002,Gran Santiago,-.0044491757
13201,13201161003,Gran Santiago,-.018890012
13201,13201161004,Gran Santiago,-.068792604
13201,13201161005,Gran Santiago,-.11243839
13201,13201161006,Gran Santiago,-.11644071
13201,13201161007,Gran Santiago,-.087880984
13201,13201161008,Gran Santiago,-.043210819
13201,13201161009,Gran Santiago,-.07989718
13201,13201161010,Gran Santiago,-.079541169
13201,13201171001,Gran Santiago,-.083049446
13201,13201171002,Gran Santiago,-.059971966
13201,13201171003,Gran Santiago,-.00020501766
13201,13201171004,Gran Santiago,.0085033979
13201,13201171005,Gran Santiago,-.024021929
13201,13201171006,Gran Santiago,-.005396551
13201,13201171007,Gran Santiago,.0035701105
13201,13201171008,Gran Santiago,.032393057
13201,13201171009,Gran Santiago,.043590959
13201,13201181001,Gran Santiago,-.26187146
13201,13201181002,Gran Santiago,-.20611434
13201,13201181003,Gran Santiago,-.28514123
13201,13201181004,Gran Santiago,-.2425696
13201,13201181005,Gran Santiago,-.26014858
13201,13201181006,Gran Santiago,-.48877317
13201,13201181007,Gran Santiago,-.30628759
13201,13201181008,Gran Santiago,-.2381379
13201,13201181009,Gran Santiago,-.27090114
13201,13201191001,Gran Santiago,-.0018644098
13201,13201191002,Gran Santiago,-.032059316
13201,13201191003,Gran Santiago,-.10515126
13201,13201191004,Gran Santiago,-.088238321
13201,13201191005,Gran Santiago,-.057507053
13201,13201191006,Gran Santiago,-.025433721
13201,13201191007,Gran Santiago,-.10953904
13201,13201191008,Gran Santiago,-.11930715
13201,13201191009,Gran Santiago,-.052812051
13201,13201191010,Gran Santiago,-.07020209
13201,13201191011,Gran Santiago,-.11206508
13201,13201191012,Gran Santiago,-.031021982
13401,13401011001,Gran Santiago,-.0037490462
13401,13401011002,Gran Santiago,.0059675132
13401,13401021001,Gran Santiago,-.068186156
13401,13401021002,Gran Santiago,-.11230966
13401,13401031001,Gran Santiago,-.15319645
13401,13401031002,Gran Santiago,-.20448777
13401,13401031003,Gran Santiago,-.18798523
13401,13401041001,Gran Santiago,-.11926235
13401,13401041002,Gran Santiago,-.22064921
13401,13401041003,Gran Santiago,-.28985208
13401,13401041004,Gran Santiago,-.27734104
13401,13401051001,Gran Santiago,-.038252071
13401,13401051002,Gran Santiago,-.19631819
13401,13401051003,Gran Santiago,-.28302178
13401,13401051004,Gran Santiago,-.11123339
13401,13401051005,Gran Santiago,-.22235961
13401,13401061001,Gran Santiago,-.22827798
13401,13401061002,Gran Santiago,-.33473369
13401,13401061003,Gran Santiago,-.031814817
13401,13401061004,Gran Santiago,-.20254706
13401,13401061005,Gran Santiago,-.28306296
13401,13401061006,Gran Santiago,-.30013689
13401,13401061007,Gran Santiago,-.19626532
13401,13401061008,Gran Santiago,-.32557863
13401,13401061009,Gran Santiago,-.27298152
13401,13401061010,Gran Santiago,-.28231961
13401,13401061011,Gran Santiago,-.32184294
13401,13401061012,Gran Santiago,-.29242265
13401,13401061013,Gran Santiago,-.25164759
13401,13401061014,Gran Santiago,-.10016803
13401,13401061015,Gran Santiago,-.19710402
13401,13401071001,Gran Santiago,.049667411
13401,13401071002,Gran Santiago,-.041869909
13401,13401081001,Gran Santiago,-.093527175
13401,13401081002,Gran Santiago,-.093880519
13401,13401081003,Gran Santiago,.014131847
13401,13401081004,Gran Santiago,-.065385021
13401,13401081005,Gran Santiago,-.13588279
13401,13401081006,Gran Santiago,-.1241079
13401,13401081007,Gran Santiago,-.088395081
13401,13401081008,Gran Santiago,-.093712233
13401,13401081009,Gran Santiago,-.11569712
13401,13401091001,Gran Santiago,-.013351608
13401,13401091002,Gran Santiago,-.01736795
13401,13401091003,Gran Santiago,-.075760014
13401,13401091004,Gran Santiago,-.047779229
13401,13401101001,Gran Santiago,-.18186522
13401,13401101002,Gran Santiago,-.078495145
13401,13401101003,Gran Santiago,-.025265697
13401,13401101004,Gran Santiago,-.0035599084
13401,13401101005,Gran Santiago,-.0045854403
13401,13401101006,Gran Santiago,-.077772841
13401,13401111001,Gran Santiago,-.075671211
13401,13401111002,Gran Santiago,-.097024716
13401,13401111003,Gran Santiago,-.12448475
13401,13401111004,Gran Santiago,-.026750412
13401,13401111005,Gran Santiago,-.11718351
13401,13401111006,Gran Santiago,-.13908048
13401,13401121001,Gran Santiago,-.12355307
13401,13401131001,Gran Santiago,-.1614455
13401,13401131002,Gran Santiago,-.2586945
13401,13401131003,Gran Santiago,-.093906067
13401,13401131004,Gran Santiago,-.16375233
13401,13401141001,Gran Santiago,-.10818323
13401,13401141002,Gran Santiago,-.0086095883
13401,13401141003,Gran Santiago,-.011516563
13401,13401141004,Gran Santiago,-.044518992
13401,13401141005,Gran Santiago,-.19778286
13604,13604011001,Gran Santiago,.025987651
13604,13604031001,Gran Santiago,-.11566988
13604,13604031002,Gran Santiago,-.12572657
13604,13604031003,Gran Santiago,-.063679762
13604,13604031004,Gran Santiago,-.1543358
13604,13604041001,Gran Santiago,-.13228616
13604,13604041002,Gran Santiago,-.10322457
13604,13604041003,Gran Santiago,-.14041305
13604,13604041004,Gran Santiago,-.19370735
13604,13604041005,Gran Santiago,-.20717756
13604,13604041006,Gran Santiago,-.11954037
